{
  "name": "dll_react",
  "content": {
    "./node_modules/react/index.js": {
      "id": 294,
      "buildMeta": { "exportsType": "dynamic", "defaultObject": "redirect" },
      "exports": [
        "Children",
        "Component",
        "Fragment",
        "Profiler",
        "PureComponent",
        "StrictMode",
        "Suspense",
        "__SECRET_INTERNALS_DO_NOT_USE_OR_YOU_WILL_BE_FIRED",
        "cloneElement",
        "createContext",
        "createElement",
        "createFactory",
        "createRef",
        "forwardRef",
        "isValidElement",
        "lazy",
        "memo",
        "useCallback",
        "useContext",
        "useDebugValue",
        "useEffect",
        "useImperativeHandle",
        "useLayoutEffect",
        "useMemo",
        "useReducer",
        "useRef",
        "useState",
        "version"
      ]
    },
    "./node_modules/react-dom/index.js": {
      "id": 935,
      "buildMeta": { "exportsType": "dynamic", "defaultObject": "redirect" },
      "exports": [
        "__SECRET_INTERNALS_DO_NOT_USE_OR_YOU_WILL_BE_FIRED",
        "createPortal",
        "findDOMNode",
        "flushSync",
        "hydrate",
        "render",
        "unmountComponentAtNode",
        "unstable_batchedUpdates",
        "unstable_createPortal",
        "unstable_renderSubtreeIntoContainer",
        "version"
      ]
    }
  }
}
