{
  "setting": {},
  "condition": {
    "plugin": {
      "list": []
    },
    "game": {
      "list": []
    },
    "gamePlugin": {
      "list": []
    },
    "miniprogram": {
      "list": [
        {
          "name": "home-video",
          "pathName": "pages/home-video/index",
          "query": "",
          "scene": null
        },
        {
          "name": "detail-video",
          "pathName": "pages/detail-video/index",
          "query": "id=14480854",
          "scene": null
        }
      ]
    }
  }
}