{
  "setting": {},
  "condition": {
    "plugin": {
      "list": []
    },
    "game": {
      "list": []
    },
    "gamePlugin": {
      "list": []
    },
    "miniprogram": {
      "list": [
        {
          "name": "detail-song的ranking",
          "pathName": "pages/detail-song/index",
          "query": "type=song&idx=1",
          "scene": null
        },
        {
          "name": "detail-song的menu",
          "pathName": "pages/detail-song/index",
          "query": "type=menu&id= 6954660951",
          "scene": null
        },
        {
          "name": "detail-menu歌单页面",
          "pathName": "pages/detail-menu/index",
          "query": "",
          "scene": null
        },
        {
          "name": "song-search页面",
          "pathName": "pages/song-search/index",
          "query": "",
          "scene": null
        },
        {
          "name": "main-video页面",
          "pathName": "pages/main-video/index",
          "query": "",
          "scene": null
        },
        {
          "name": "detail-video的页面",
          "pathName": "pages/detail-video/index",
          "query": "id=14478274",
          "scene": null
        },
        {
          "name": "music-player",
          "pathName": "pages/music-player/index",
          "query": "id=355992",
          "scene": null
        }
      ]
    }
  }
}